{"mean": [0.20083333551883698, 2.779618263244629, -0.08677583187818527, 1.0946824550628662, 2.0308024883270264, 2.2982499599456787, -0.08176250010728836, -0.019037500023841858, 1.4649441242218018, 1.5754491090774536, 0.44284167885780334, 0.2553650140762329, 0.005596666596829891, 1.2513058185577393, -0.3547075092792511, 1.3755491971969604, 0.9415349960327148, 2.6790874004364014, 0.047060832381248474, -0.5644825100898743, -1.2706116437911987, 2.642878293991089, -3.3377392292022705, -1.504859209060669, 1.0770299434661865, -0.9120224714279175, 0.7195308208465576, 0.8823274970054626, 4.559528350830078, 1.870126724243164, -1.1701208353042603, 3.7342467308044434, 2.6741716861724854, -1.4803249835968018, -2.0487725734710693, 0.46102166175842285, -0.4483908414840698, -1.2041407823562622, 1.2925225496292114, 2.662151575088501, -2.071016550064087, -1.8985899686813354, 0.7836958169937134, -2.3773508071899414, 1.3692383766174316, 3.7420034408569336, 6.488854885101318, 1.4942716360092163], "std": [2647.658203125, 2890.034423828125, 2100.223388671875, 2537.9736328125, 2370.2275390625, 3211.909423828125, 2321.45556640625, 1799.344482421875, 2503.3369140625, 3485.6328125, 2962.02490234375, 1666.868408203125, 2414.762939453125, 2504.02490234375, 1989.99755859375, 2383.849609375, 1802.88818359375, 2842.623046875, 1933.7337646484375, 2201.51025390625, 50624.234375, 2145.34326171875, 2790.29345703125, 1651.50341796875, 2419.3896484375, 1906.417236328125, 3873.981689453125, 3123.4912109375, 2813.411865234375, 2300.808349609375, 2131.990234375, 3617.68798828125, 2060.214111328125, 2458.017822265625, 1997.7530517578125, 2169.000244140625, 2454.76513671875, 33464.38671875, 2754.9375, 3407.105712890625, 2707.311767578125, 2500.796630859375, 2153.147216796875, 1796.002197265625, 1952.7696533203125, 2195.626220703125, 2909.304931640625, 1563.317138671875], "label_min": [-1.571029543876648, -1.3493441343307495, -2.8114984035491943, -1.9748635292053223, -1.330702304840088], "label_max": [7.606434345245361, 6.702972412109375, 7.578883171081543, 5.506732940673828, 5.939368724822998]}